{"cameraMode":{"drawMode":0,"name":"Shaded","section":"Shading Mode"},"sceneLighting":false,"audioPlay":false,"sceneViewState":{"showFog":true,"showMaterialUpdate":false,"showSkybox":false,"showFlares":true,"showImageEffects":true,"showParticleSystems":true,"showVisualEffectGraphs":true,"m_FxEnabled":true},"in2DMode":false,"pivot":{"x":-1.446717381477356,"y":1.9743776321411133,"z":0.9069681167602539},"rotation":{"x":-0.0010509967105463148,"y":-0.936725378036499,"z":0.35247644782066347,"w":0.0018223902443423868},"size":12.540730476379395,"orthographic":false}