{"cameraMode":{"drawMode":0,"name":"Shaded","section":"Shading Mode"},"sceneLighting":false,"audioPlay":false,"sceneViewState":{"showFog":true,"showMaterialUpdate":false,"showSkybox":false,"showFlares":true,"showImageEffects":true,"showParticleSystems":true,"showVisualEffectGraphs":true,"m_FxEnabled":true},"in2DMode":false,"pivot":{"x":0.01049003005027771,"y":0.005483865737915039,"z":0.006841719150543213},"rotation":{"x":0.3334912955760956,"y":-0.10082844644784928,"z":0.037273675203323367,"w":0.9375364780426025},"size":0.30001741647720339,"orthographic":false}