{"cameraMode":{"drawMode":0,"name":"Shaded","section":"Shading Mode"},"sceneLighting":false,"audioPlay":false,"sceneViewState":{"showFog":true,"showMaterialUpdate":false,"showSkybox":false,"showFlares":true,"showImageEffects":true,"showParticleSystems":true,"showVisualEffectGraphs":true,"m_FxEnabled":true},"in2DMode":false,"pivot":{"x":-0.13618090748786927,"y":-0.14002633094787599,"z":-0.1367160677909851},"rotation":{"x":-0.019977664574980737,"y":-0.8772521018981934,"z":0.48020607233047488,"w":-0.03374012932181358},"size":0.9692820906639099,"orthographic":false}